vk_id,friends_count,photo_count,likes_total,average_likes,groups_count,average_member,male_ratio,female_ratio,unknown_ratio,Extraversion,Agreeableness,Conscientiousness,Neuroticism,Openness,pe_0,pe_1,pe_2,pe_3,pagerank,degree,clustering,betweenness
35100,0.3208191,0.48634812,0.58361775,0.7337884,0.36177474,0.77474403,0.07508533,0.9522184,0.0,0.15358362,0.22696246,0.081911266,0.5699659,0.32593855,0.42132777,1.881986,1.458648,1.0030622,-0.29827157,-0.3633166,-0.49871162,-0.12479389
1845588,0.4095563,0.5068259,0.45051193,0.52047783,0.25255972,0.4573379,0.7440273,0.28327644,0.0,0.29863483,0.22696246,0.7457338,0.29863483,0.86860067,0.7076723,1.5140992,4.0971375,1.1786982,-1.4918027,-1.5399195,-0.26935354,-0.8741729
2724404,0.90102386,0.39419794,0.5221843,0.77474403,0.29351535,0.21843003,0.7679181,0.26279864,0.0,0.84641635,0.6672355,0.8976109,0.052901022,0.39761093,1.0090697,1.2449055,5.424796,1.6721393,-1.7017492,-1.7615982,-0.65784746,-0.92276365
872860,0.8498294,0.887372,0.80546075,0.53583616,0.7372014,0.4095563,0.552901,0.4641638,0.9897611,0.5870307,0.33959043,0.51365185,0.3208191,0.32593855,-0.54585445,0.5900418,-0.7367252,0.37497875,-0.033167418,-0.005220066,0.03690603,-0.3859059
1617375,0.93856657,0.6825939,0.66040957,0.64846414,0.98634815,0.36177474,0.72696245,0.3003413,0.0,0.5546075,0.40784982,0.7457338,0.54266214,0.7013652,-0.6119144,0.41401535,1.5684763,1.0971652,1.4986386,1.4101138,-1.0386341,3.0156095
4396908,0.61604095,0.9419795,0.887372,0.5324232,0.71672356,0.83617747,0.45392492,0.5767918,0.0,0.87030715,0.011945393,0.013651877,0.29863483,0.13822526,-0.21372704,0.8820505,-0.6724714,-1.6842626,0.7005938,0.67686856,-0.9697031,0.72658706
4037197,0.38054606,0.66382253,0.54948807,0.4880546,0.085324235,0.5153584,0.81569964,0.21160409,0.0,0.5238908,0.44027305,0.22354949,0.34129694,0.17576791,-0.9385067,0.11869364,0.9508081,-5.275356,-1.4603852,-1.4887629,0.089135855,-0.8299234
4713348,0.9351536,0.45051193,0.6450512,0.83959043,0.97952217,0.12286689,0.46075085,0.5665529,0.93856657,0.40784982,0.17406143,0.23720136,0.3208191,0.17576791,-1.251529,-0.28984183,0.42021006,0.739889,0.54819214,0.52339864,0.07959869,0.70296377
6144960,0.17576791,0.7986348,0.57337886,0.34812286,0.023890786,0.013651877,0.17918089,0.8481229,0.0,0.7133106,0.6109215,0.60580206,0.6040956,0.52901024,1.8955992,-2.0981421,0.02007686,-0.10880068,-0.93826747,-0.9260397,2.3545015,-0.9934852
8045341,0.54948807,0.69283277,0.778157,0.8225256,0.7303754,0.8327645,0.31740615,0.70989764,0.0,0.49658704,0.8020478,0.78156996,0.3651877,0.28668943,-0.5287083,0.3855069,-0.98896897,0.8706116,1.0668532,1.103174,-0.46974596,0.46715778
5574745,0.5767918,0.890785,0.8191126,0.5392491,0.70307165,0.3003413,0.16040955,0.8668942,0.0,0.8242321,1.0,0.78156996,0.6877133,0.7474403,-0.038099412,-1.2388318,0.01850254,0.6062875,1.0979426,1.1372783,-0.6190519,0.70259446
7124755,0.8225256,0.9351536,0.87030715,0.5153584,0.99658704,0.3686007,0.70989764,0.31740615,0.0,1.0,1.0,1.0,1.0,1.0,-0.6891921,0.39723366,-0.67451143,0.6062954,1.0330637,1.0520173,-0.5487968,0.72000366
8126979,0.34300342,0.3139932,0.34812286,0.47440273,0.03924915,0.10921501,0.93856657,0.088737205,0.0,1.0,1.0,1.0,1.0,1.0,2.0226347,-1.7537998,1.0083218,0.01410928,-0.8105886,-0.8237264,1.499617,-0.82039124
10968521,0.52901024,0.7525597,0.9146758,0.9453925,0.07337884,0.98293513,0.27986348,0.7474403,0.0,0.6825939,0.40784982,0.38225257,0.21843003,0.28668943,0.043973792,0.8372139,-1.0121928,1.0132488,-1.6986834,-1.6763371,1.9208571,-1.0032325
11023152,0.92491466,0.97952217,1.0,0.8191126,0.74061435,0.5255973,0.4334471,0.5904437,0.9215017,0.38395905,0.5665529,0.45051193,0.49658704,0.83788395,0.6820518,1.4024712,-1.0773644,0.32544005,0.020920118,-0.022272281,-0.5081558,-0.06272044
12357222,0.9146758,0.7610921,0.6518771,0.5085324,0.59385663,0.06484642,0.58361775,0.44027305,0.94880545,0.38395905,0.100682594,0.22354949,0.07167236,0.037542664,-1.3111917,-0.6339558,0.4203077,0.0025965618,-0.74463665,-0.7043609,0.8935073,-0.84043455
9956462,0.8566553,0.36348122,0.5665529,0.8805461,0.58361775,0.76450515,0.87713313,0.15358362,0.0,0.6177474,0.6109215,0.48293516,0.13822526,0.48122868,0.19637913,1.3746917,-1.0175697,0.071547,0.14146015,0.13119766,-0.50985223,-0.15827723
17709712,0.7389079,0.90102386,0.9590444,0.88395905,0.7679181,0.79522187,0.35494882,0.67235494,0.0,0.7372014,0.8020478,0.78156996,1.0,0.7474403,-0.44064742,0.5480176,-0.95743936,0.5713157,1.2681674,1.2566439,-0.78659666,1.1387309
16224596,0.63822526,0.8225256,0.90784985,0.8498294,0.07337884,0.5017065,0.25938568,0.7713311,0.0,0.7372014,0.78156996,0.8976109,0.5699659,0.72696245,0.010372467,0.23686327,-0.4525556,0.4919911,-2.0333571,-2.0173814,1.1114792,-1.0072987
14528478,0.84641635,0.61604095,0.6757679,0.75085324,0.42662117,0.7713311,0.8634812,0.16382253,0.0,0.79010236,0.68430036,0.29863483,0.1569966,0.8020478,-1.0139132,0.59540373,-0.26652217,-1.6053293,0.25346437,0.25056317,-0.33712867,0.069700606
20065449,0.69283277,0.67235494,0.668942,0.668942,0.79522187,0.33788395,0.52730376,0.5,0.0,0.7679181,0.22696246,0.45051193,0.52047783,0.39761093,-0.981671,0.25657615,-0.14587295,-0.73630834,1.0117699,1.0008607,-0.62836486,1.0199051
20717384,0.7542662,0.5648464,0.70989764,0.9044369,0.37030718,0.7542662,0.5870307,0.443686,0.0,0.6552901,0.28498295,0.6757679,0.24914676,0.48122868,0.8476517,1.6557245,2.3665693,0.668425,-0.60249364,-0.68730867,-0.8472191,-0.25769803
20727752,0.88395905,0.89419794,0.94880545,0.79522187,0.7081911,0.67918086,0.41979522,0.60750854,0.9351536,0.5546075,0.28498295,0.17918089,0.10750853,0.081911266,0.4173304,-0.29419398,-0.0651559,-0.19302762,1.6337569,1.6317927,-1.1798698,1.8298717
20926219,0.19112629,0.9692833,0.91808873,0.45051193,0.665529,0.3890785,0.09897611,0.887372,1.0,0.0,0.0,0.0,0.0,0.0,1.1987052,1.81001,2.2574244,0.4501364,-0.4739049,-0.5849954,-0.93224466,-0.12068791
22307166,0.8088737,0.7013652,0.5699659,0.48464164,1.0,0.32423207,0.83617747,0.19112629,0.0,0.84641635,0.28498295,0.7457338,0.6279864,0.48122868,-0.43303716,0.45697874,-0.33550227,0.40273538,1.7034283,1.6488448,-1.2209584,2.6083217
24364777,0.2764505,0.7235495,0.6996587,0.6279864,0.25597268,0.7610921,0.3993174,0.6279864,0.0,0.5546075,0.6996587,0.48293516,0.21843003,0.5716724,0.2603823,1.1461767,-0.60172457,0.70675576,-0.8694044,-0.8919353,-0.3006109,-0.6829507
24086972,0.47440273,0.39419794,0.37201366,0.443686,0.7542662,0.102389075,0.2662116,0.7610921,0.0,0.037542664,0.48293516,0.48293516,0.21843003,0.11262798,-1.3950343,-0.71656156,0.05164447,0.7876456,0.23468557,0.3017198,0.80424607,-0.58203346
26951266,0.67918086,0.7883959,0.7474403,0.63139933,0.78156996,0.64846414,0.67235494,0.35494882,0.0,0.5546075,0.5238908,0.45051193,0.80375427,0.6177474,-0.6155398,0.57407165,-0.23934554,-0.8938871,1.5805095,1.5465316,-1.1524217,2.0881639
29599414,0.17576791,0.21501707,0.26791808,0.46587032,0.35836178,0.57337886,0.11604095,0.9146758,0.0,0.43515357,0.19624573,0.15187714,0.21843003,0.17576791,-0.6431225,0.6209488,0.1451816,-3.290515,-0.8130429,-0.8237264,-0.6021196,-0.59385395
27609732,0.831058,0.7525597,0.9351536,0.97269624,0.5665529,0.26279864,0.16382253,0.8634812,0.0,0.8634812,0.5665529,0.78156996,0.03583618,0.7013652,1.1237729,-1.6398833,-0.15321244,0.19781005,-0.26889378,-0.24395108,0.22162804,-0.56471825
30425027,0.7883959,0.36348122,0.0,0.0,0.023890786,0.6552901,0.39249146,0.63822526,0.0,0.29863483,0.44027305,0.51365185,0.12798634,0.22866894,1.3010483,-2.0736046,0.18551876,-0.042248685,-0.62283754,-0.6020476,0.9743531,-0.811058
39832377,0.3327645,0.6774744,0.86006826,0.93174064,0.5102389,0.96245736,0.39590445,0.63139933,0.0,0.13993174,0.06313993,0.081911266,0.6877133,0.6672355,0.40417358,1.4080637,-1.1000429,0.4383923,0.30509007,0.26761538,-0.63616353,0.14646743
33912213,0.8668942,0.9761092,0.98293513,0.70989764,0.41638225,0.49488056,0.35153583,0.6757679,0.0,0.34300342,0.6433447,0.6757679,0.7320819,0.6672355,0.8153717,-1.1790634,-0.26461348,-0.5990504,0.28717178,0.3017198,-0.39523676,-0.017918745
37219332,0.55972695,0.79522187,0.8327645,0.72696245,0.3651877,0.9044369,0.4573379,0.5699659,0.0,0.34300342,0.7457338,0.23720136,0.8668942,0.11262798,-0.58016527,0.39230934,-0.69541734,0.43615857,0.35134146,0.4040331,-0.055367224,-0.29594332
41677895,0.221843,0.25255972,0.47269624,0.9215017,0.75085324,0.6109215,0.3139932,0.7133106,0.0,0.037542664,0.11945392,0.03583618,0.3890785,0.022184301,0.4627929,-0.072881594,-0.08202869,0.47715217,1.819845,1.7852626,-1.3597208,2.488349
41163495,0.33788395,0.48634812,0.31911263,0.2662116,0.051194537,0.34812286,0.8020478,0.22525597,0.0,1.0,1.0,1.0,1.0,1.0,1.2207772,-2.053369,0.2040572,-0.3487877,-0.53225225,-0.550891,0.63203883,-0.43046162
40919819,0.62286687,0.9897611,0.93174064,0.3651877,0.9897611,0.9522184,0.30375427,0.7235495,0.0,0.087030716,0.088737205,0.052901022,0.80375427,0.17576791,0.54864097,1.3536892,0.53023684,0.51007074,1.5408633,1.3930616,-1.5594593,3.2949007
46315893,0.25938568,0.66382253,0.7883959,0.8668942,0.34129694,0.9556314,0.17406143,0.85324234,0.0,0.40784982,0.07167236,0.23720136,0.71672356,0.32593855,0.26855376,1.4286796,-2.0738888,0.3243341,-0.7640872,-0.75551754,0.6887042,-0.8242343
43805564,0.3208191,0.556314,0.45392492,0.49146757,0.15017065,0.85324234,0.8122867,0.21501707,0.0,0.8634812,0.85153586,0.86177474,0.010238908,0.83788395,1.7814524,-0.788426,-0.12776357,-0.2994764,-0.20521322,-0.20984665,0.10983214,-0.47397032
48351259,0.41638225,0.25255972,0.50341296,0.96245736,0.5767918,0.7303754,0.3208191,0.7064846,0.0,0.43515357,0.40784982,0.1109215,0.3651877,0.48122868,-0.6308635,0.0928601,-0.6547514,0.6826114,0.89980924,0.89854735,-0.2804971,0.86317766
51565691,0.778157,0.8430034,0.9522184,0.91808873,0.16211604,0.9590444,0.51194537,0.5153584,0.0,0.43515357,0.71843004,0.13139932,0.6877133,0.90102386,0.13869113,0.9808294,-1.7119681,1.02838,-1.0127413,-1.1647707,0.8045846,0.15437548
54144956,0.7389079,0.9453925,0.9556314,0.75767916,0.32593855,0.49146757,0.19453925,0.8327645,0.0,0.5870307,0.6109215,0.82935154,0.5699659,0.5716724,-0.99046385,-0.29279515,-0.3566491,0.9861003,-0.19358806,-0.12458558,1.2705994,-0.7681108
47829183,0.75085324,0.9590444,0.9658703,0.74061435,0.43856657,0.8088737,0.22866894,0.7986348,0.0,0.15358362,0.22696246,0.48293516,0.71672356,0.48122868,0.7077741,1.3427066,-0.9484583,0.084041774,-0.31882027,-0.32921216,-0.21627992,-0.50263053
57415818,0.5460751,0.21501707,0.29180887,0.6023891,0.32593855,0.37883958,0.040955633,0.98634815,0.0,0.037542664,0.8805461,0.78156996,0.6877133,0.049488056,-0.8652064,-0.031507798,0.04735267,0.57379943,-1.2230893,-1.1818229,1.1427466,-0.9476758
56317579,0.26962456,0.7679181,0.69283277,0.5631399,0.2764505,0.44027305,0.10409556,0.92662114,0.0,0.015358361,0.28498295,0.5546075,1.0,0.28668943,0.8549219,1.0537509,2.281263,-0.5489348,-1.6037995,-1.659285,-1.1107489,-0.8469959
58387133,0.35494882,0.0,0.0,0.0,0.6996587,0.38566554,0.37542662,0.6348123,0.99658704,1.0,1.0,1.0,1.0,1.0,-1.0589718,0.0048821685,-0.17381178,0.9607958,0.3508009,0.36992866,0.09500598,-0.05948385
57560628,0.36177474,0.25255972,0.31911263,0.52047783,0.04778157,0.023890786,0.50511944,0.5221843,0.0,0.18771331,0.6109215,0.5546075,0.3651877,0.44197953,-0.6409029,-0.2180025,0.15613727,0.3982723,-2.1611664,-2.1537993,1.4792038,-1.0091529
60114784,0.64846414,0.8634812,0.8430034,0.6552901,0.8122867,0.6996587,0.7986348,0.22866894,0.0,0.49658704,0.6996587,0.51365185,0.5699659,0.7013652,0.6365439,1.4542781,1.1205415,-0.007691749,1.2542702,1.0861217,-1.5765079,3.0766568
63861466,0.4880546,0.3139932,0.38225257,0.5870307,0.46928328,0.59385663,0.9044369,0.12286689,0.0,0.90614337,0.85153586,0.82935154,0.8668942,0.86860067,0.2727372,1.2205948,-0.13462411,0.5978753,-0.5548757,-0.6020476,-0.262294,-0.3273782
73521747,0.887372,0.5238908,0.443686,0.48122868,0.721843,0.34129694,0.6552901,0.37201366,0.0,0.054607507,0.18259385,0.6365188,0.8805461,0.48122868,-0.803223,0.072179064,0.038349573,0.758674,0.9963216,0.9838084,-0.43811,0.9658227
66267199,0.83617747,0.6348123,0.7610921,0.8430034,0.53583616,0.93174064,0.9112628,0.11604095,0.0,0.26962456,0.22696246,0.38225257,0.3890785,0.25255972,1.1317571,-0.124516405,-1.0925112,0.33476615,0.83943987,0.8303385,-0.8633268,0.614081
74594561,0.7610921,0.86006826,0.6006826,0.3225256,0.82764506,0.20477815,0.8805461,0.14675768,0.0,0.102389075,0.011945393,0.018771332,0.03583618,0.017064847,-1.1821162,-0.3427747,-0.29898486,0.8022007,0.66621095,0.6939208,0.0985838,0.14586662
75326372,0.7918089,0.34129694,0.5443686,0.87030715,0.7883959,0.8634812,0.49488056,0.5324232,0.0,0.6825939,0.6672355,0.51365185,0.80375427,0.5716724,-0.44131497,0.62917036,-0.8690251,0.2831575,1.3939569,1.3930616,-0.8799624,1.2021639
76311426,0.6740614,0.0,0.0,0.0,0.0,0.0,0.25255972,0.76450515,0.9692833,0.79010236,0.5665529,0.7201365,0.6279864,0.7013652,0.34469444,1.2326456,-1.471682,1.0548366,-0.1667153,-0.15869,-0.0021736186,-0.5078747
73758964,0.6587031,0.68600684,0.8088737,0.8634812,0.21843003,0.97269624,0.49146757,0.53583616,0.0,1.0,1.0,1.0,1.0,1.0,-0.52554506,0.8251126,-0.7933772,0.76726395,-0.23476706,-0.19279444,0.20648904,-0.6567331
83141293,0.7133106,0.9522184,0.82935154,0.37883958,0.45221844,0.2764505,0.66382253,0.36348122,0.0,0.9197952,0.8805461,1.0,1.0,1.0,0.63494414,1.1703347,0.87891185,0.32733548,-1.5062207,-1.5740238,-1.215824,-0.7815982
89333872,0.0,0.0,0.0,0.0,0.05972696,0.04778157,0.0,0.0,0.0,0.18771331,0.5665529,0.7457338,0.83617747,0.39761093,-0.044927087,-0.040678218,-0.07012071,0.03857253,-2.3325472,-2.3243213,-6.8558884,-1.010135
86340088,0.8805461,0.77474403,0.5443686,0.3532423,0.93174064,0.1569966,0.6450512,0.37883958,0.9658703,0.087030716,0.03924915,0.15187714,0.090443686,0.32593855,-1.3420048,-0.3772621,0.5628365,-0.7927848,0.696464,0.6939208,-0.2782773,0.5546185
87588776,0.83959043,0.8020478,0.8805461,0.7986348,0.4129693,0.74061435,0.36177474,0.665529,0.0,0.6177474,0.85153586,0.82935154,0.778157,0.86860067,1.2922477,-0.24434757,-0.57566345,-0.24419247,0.6323036,0.59160745,-0.8606862,0.90696436
97393290,0.24914676,0.80716723,0.72525597,0.5460751,0.42320818,0.9283276,0.5802048,0.44709897,0.0,0.04778157,0.7457338,0.4112628,0.24914676,0.13822526,1.1602517,-0.30737033,-0.88256884,0.40444884,0.60158527,0.6086597,-0.6217852,0.20693982
91312084,0.45904437,0.45051193,0.4334471,0.52901024,0.12969284,0.25938568,0.058020476,0.9692833,0.0,0.34300342,0.5665529,0.32935154,0.54266214,0.25255972,-0.05692687,0.30129218,-0.0051210634,0.42420274,-2.0189936,-2.0173814,1.0501918,-0.99558944
103527291,0.6740614,0.9556314,0.97269624,0.78156996,0.556314,0.7679181,0.43003413,0.59726965,0.0,0.22354949,0.3139932,0.06825939,0.090443686,0.20819113,0.44550702,1.3143184,-1.0623147,0.6193996,0.29615003,0.28466758,-0.5682806,-0.088938944
105187696,0.45904437,0.81569964,0.6825939,0.47098976,0.97952217,0.70307165,0.74061435,0.28668943,0.0,0.7679181,0.5665529,0.15187714,0.34129694,0.6177474,0.45171893,1.4193449,-0.12352076,0.26237893,0.8662681,0.7962341,-1.1569511,1.096585
107570655,0.8976109,0.9112628,0.9692833,0.9146758,0.6416382,0.54948807,0.47098976,0.556314,0.0,0.5546075,0.82764506,0.82935154,0.21843003,0.6177474,-0.944514,-0.23967011,-0.6232156,1.0415353,0.6352355,0.71097296,0.20794752,-0.30243465
108753219,0.79692835,0.99658704,0.64846414,0.21501707,0.7918089,0.59726965,0.2901024,0.7372014,0.0,0.037542664,0.06313993,0.29863483,1.0,0.0068259384,-0.810334,0.12560885,-0.6440594,0.7530403,0.99928623,1.0520173,-0.2958977,0.22884199
131753409,0.77474403,0.7849829,0.8122867,0.71672356,0.84641635,0.3105802,0.26279864,0.7679181,0.0,0.18771331,0.8020478,0.86177474,0.7627986,0.7474403,0.29215598,-0.658194,-0.42403027,0.5475101,1.378234,1.3930616,-0.85974395,1.2957307
125542609,0.87030715,0.4675768,0.50341296,0.66211605,0.38225257,0.48464164,0.59726965,0.43003413,0.0,0.6825939,0.28498295,0.7201365,0.34129694,0.6672355,0.8184097,0.8865403,0.0978021,-0.16842031,-1.2465953,-1.267084,-0.20621704,-0.8295305
133834561,0.061433446,0.21501707,0.25255972,0.39419794,0.1109215,0.18430035,0.94880545,0.08020478,0.0,0.29863483,0.37201366,0.5546075,0.10750853,0.52901024,1.9060934,-2.096779,-0.054433234,-0.33244178,-0.92576104,-0.9260397,2.3065014,-0.9194224
137085622,0.2901024,0.0,0.0,0.0,0.07337884,0.15017065,0.97098976,0.05631399,0.0,0.38395905,0.18259385,0.17918089,0.21843003,0.11262798,1.968355,-1.8852623,0.65801054,0.04488493,-0.8556398,-0.8578308,1.7924825,-0.88454807
138272181,0.061433446,0.0,0.0,0.0,0.40443686,0.90102386,0.94880545,0.08020478,0.0,0.40784982,0.18259385,0.20648465,0.1569966,0.17576791,-0.8276567,0.21065071,0.017404277,0.4361771,0.5303359,0.55750304,-0.13426709,0.15430965
135622610,0.2901024,0.8259386,0.63139933,0.3686007,0.25597268,0.4129693,0.9146758,0.11262798,0.0,0.34300342,0.37201366,0.75938565,0.65358365,0.48122868,0.44133276,0.65816003,0.25606126,-1.5917435,-1.9403532,-1.9491726,-0.5639762,-0.9775731
136954329,0.52047783,0.78156996,0.8259386,0.7610921,0.54948807,0.89419794,0.4880546,0.5392491,0.0,0.7372014,0.44027305,0.6365188,0.41808873,0.83788395,0.04239813,0.98345894,-0.8270491,0.70255226,0.82801723,0.81328624,-0.74715096,0.61120254
139376700,0.68600684,0.0,0.0,0.0,0.7610921,0.7440273,0.9931741,0.034129694,0.0,0.5870307,0.33959043,0.48293516,0.3208191,0.35836178,0.14467157,1.1911267,-0.8506846,0.32311895,0.4772758,0.47224197,-0.53979236,0.13002215
138485067,0.552901,0.7389079,0.9044369,0.9351536,0.50511944,0.63822526,0.19795223,0.82935154,0.0,0.7372014,0.15870307,0.2576792,0.47269624,0.17576791,-0.9245872,0.39785886,-0.47163948,-1.2791009,0.6761299,0.6939208,-0.3770077,0.33596164
144902763,0.8259386,0.78156996,0.88395905,0.8566553,0.31228667,0.78156996,0.4129693,0.61433446,0.0,0.88395905,0.7457338,0.86177474,0.24914676,0.82081914,-0.33607507,0.51277363,-0.111695826,0.40982226,-0.32439455,-0.27805552,0.121686995,-0.66905916
139192641,0.9522184,0.98293513,0.8634812,0.27986348,0.9931741,0.027303753,0.7849829,0.24232082,0.90784985,0.7372014,0.6433447,0.7201365,0.80375427,0.35836178,-1.4247861,-0.8649843,0.5132612,0.4642395,-0.46100557,-0.43152544,1.0496496,-0.71153194
139995359,0.60580206,0.7303754,0.7372014,0.69283277,0.6040956,0.40614334,0.26962456,0.75767916,0.0,0.18771331,0.6433447,0.86177474,0.83617747,0.44197953,-1.1099759,-0.30580673,-0.5697762,0.7575233,0.14747342,0.21645874,0.8159532,-0.5754279
145308284,0.15358362,0.0,0.0,0.0,0.18259385,0.037542664,0.21160409,0.81569964,0.0,0.26962456,0.28498295,0.60580206,0.47269624,0.092150174,-1.2515624,-0.07495659,0.9771545,-5.1405287,-1.6792399,-1.6763371,2.1476119,-1.0042905
145586920,0.7389079,0.25255972,0.42832765,0.8327645,0.1109215,0.5665529,0.85324234,0.17406143,0.0,1.0,1.0,0.90614337,1.0,0.91638225,1.9115629,-1.1251487,1.1434358,0.17271599,-0.45093167,-0.4826821,0.14357673,-0.45830947
146378025,0.3327645,0.75767916,0.76450515,0.6894198,0.3890785,0.5392491,0.33105803,0.69624573,0.0,0.34300342,0.049488056,0.51365185,0.21843003,0.7013652,0.5696028,1.401264,2.2595263,0.8416959,-0.57195735,-0.6190998,-0.659505,-0.34919116
147971113,0.7013652,0.3139932,0.51194537,0.87713313,0.6587031,0.5870307,0.48122868,0.5460751,0.0,0.34300342,0.33959043,0.13139932,0.3651877,0.32593855,1.0589898,1.6356593,1.554618,0.266196,0.54385287,0.36992866,-1.3580742,1.7416034
149112480,0.40614334,0.87030715,0.7542662,0.50511944,0.29351535,0.68600684,0.42320818,0.6040956,0.0,0.0665529,0.22696246,0.38225257,0.6040956,0.28668943,0.74957424,1.3541414,-0.053990994,-0.796907,-1.1074238,-1.1477185,0.17484719,-0.69759375
148263265,0.8430034,0.88395905,0.9419795,0.82935154,0.5392491,0.5699659,0.3447099,0.6825939,0.0,0.38395905,0.7713311,0.7457338,0.3651877,0.25255972,0.32357797,-0.65084887,-0.25709692,0.4647949,1.2847148,1.3078005,-0.87950766,1.0443735
150620511,0.556314,0.5238908,0.6211604,0.7542662,0.72696245,0.9215017,0.12969284,0.90102386,0.0,0.88395905,1.0,0.86177474,0.023890786,0.72696245,-0.6009288,0.5972615,-1.2427577,0.860449,0.9990973,1.0179129,-0.47110304,0.49801782
153339741,0.029010238,0.0,0.0,0.0,0.43856657,0.8668942,0.0,1.0,0.0,0.5238908,0.71843004,0.60580206,0.34129694,0.6177474,-0.6932207,0.6397358,-0.41212752,0.3991028,0.4726008,0.48929417,-0.19774832,0.021935828
151578028,0.75767916,0.7679181,0.92491466,0.9556314,0.29351535,0.6894198,0.3890785,0.6416382,0.0,0.6825939,0.48293516,0.20648465,0.12798634,0.6672355,1.7537485,-0.60523474,-1.0986041,-0.37622744,0.008934299,-0.039324496,-0.2853738,-0.016308488
154948889,0.890785,0.8805461,0.89419794,0.6996587,0.6894198,0.7235495,0.890785,0.13651878,0.93174064,0.79010236,0.68430036,0.6365188,0.29863483,0.6177474,1.133074,-0.2262006,-0.69512194,0.21827595,0.7623586,0.7621296,-0.6943672,0.46301022
154964756,0.5102389,0.8976109,0.8498294,0.54948807,0.15017065,0.9931741,0.34812286,0.67918086,0.0,0.79010236,0.82764506,1.0,0.65358365,0.8020478,0.119159244,1.0099045,-1.3129052,0.42067903,-1.0294086,-0.99424857,1.2658305,-0.93938386
155932940,0.3208191,0.25255972,0.48464164,0.94880545,0.63822526,0.8225256,0.20819113,0.8191126,0.0,0.025597269,0.018771332,0.010238908,0.18600683,0.011945393,0.42538744,1.5480407,-1.2142223,0.14260496,0.029628932,0.028884364,-0.3000381,-0.3853959
155124305,0.24573378,0.7133106,0.75085324,0.7474403,0.57337886,0.6825939,0.32423207,0.70307165,0.0,0.46587032,0.40784982,0.2576792,0.3651877,0.20819113,0.33446494,1.017866,-0.87958604,-0.42994538,-0.1304051,-0.14163779,-0.3861422,-0.32815322
155837348,0.59726965,0.93856657,0.79522187,0.4129693,0.6006826,0.70989764,0.22354949,0.80716723,0.0,0.11945392,0.28498295,0.6757679,0.6877133,0.52901024,0.37872556,1.3986918,-1.1305941,0.59282535,0.09617746,0.062988795,-0.63026834,-0.04449147
156952018,0.8191126,0.94880545,0.96245736,0.7849829,0.5904437,0.44709897,0.11945392,0.9112628,0.0,0.88395905,0.6433447,0.78156996,0.7627986,0.7474403,-0.5106027,0.5282873,-0.56936014,0.48405913,-0.05503294,-0.022272281,-0.21995239,-0.41778266
161006987,0.30716723,0.0,0.0,0.0,0.35494882,0.90784985,0.88395905,0.14334472,0.0,0.63822526,0.48293516,0.32935154,0.6279864,0.72696245,0.79921573,1.3076427,-0.5691548,-0.024843698,-0.64286315,-0.65320426,-0.053485103,-0.6719086
161897026,0.7013652,0.7013652,0.890785,0.9590444,0.6518771,0.7918089,0.081911266,0.9453925,0.0,0.43515357,0.8020478,1.0,0.7627986,0.83788395,-0.6953637,0.30283254,-0.6974162,0.87559795,1.0145001,1.0690695,-0.34421656,0.21901353
161519273,0.9931741,0.9931741,0.93856657,0.36177474,0.034129694,0.044368602,0.6416382,0.38566554,0.92491466,0.6177474,0.22696246,0.7201365,0.778157,0.83788395,-1.4705006,-0.801908,1.0398166,-0.19954935,-1.1323892,-1.1647707,0.8498641,-0.78475934
162865257,0.48293516,0.0,0.0,0.0,0.0,0.0,0.35836178,0.668942,0.0,0.5546075,0.48293516,0.5546075,0.5699659,0.32593855,2.011705,-0.38957837,1.1803956,-0.07285991,0.011113072,-0.07342893,-0.5178056,0.26513207
169831171,0.5153584,0.36348122,0.4129693,0.6109215,0.3327645,0.27986348,0.7201365,0.30716723,0.0,0.0,0.0,0.0,0.0,0.0,2.0353768,-1.3156683,1.3416966,0.19268608,-0.5793159,-0.6190998,0.58318144,-0.53697115
168532536,0.9215017,0.9146758,0.98634815,0.9522184,0.6109215,0.6006826,0.12627986,0.9044369,0.0,0.88395905,0.6996587,0.5546075,0.49658704,0.88566554,0.07022838,1.0912163,-1.0429342,0.7042311,-0.5813849,-0.550891,0.5182406,-0.7809574
164481020,0.3890785,0.8481229,0.55972695,0.3105802,0.37883958,0.2320819,0.71672356,0.3105802,0.0,1.0,1.0,1.0,1.0,1.0,-1.5861669,-0.56381303,0.44028738,-0.9609377,0.13260506,0.1823543,0.7096584,-0.5256915
170387611,0.5017065,0.21501707,0.2320819,0.29863483,0.49658704,0.6211604,0.23890784,0.7883959,0.0,0.18771331,0.3139932,0.4112628,0.6040956,0.28668943,0.5317841,1.408703,-0.7889562,0.37760293,-0.5152738,-0.4997343,0.36493093,-0.75190026
174095608,0.66382253,0.93174064,0.86006826,0.49829352,0.6348123,0.8566553,0.18771331,0.83959043,0.0,0.70307165,0.088737205,0.5546075,0.6040956,0.39761093,0.23987208,0.89287007,-1.3856463,0.702749,0.39332476,0.3869809,-0.47542205,0.07149988
173998370,0.6552901,0.609215,0.665529,0.7372014,0.48976108,0.6177474,0.15358362,0.8737201,0.0,0.5546075,0.33959043,0.6757679,0.83617747,0.86860067,0.9471927,1.5782377,1.7417983,0.020896792,-0.34781387,-0.43152544,-1.0254197,-0.031245654
174621283,0.13993174,0.25255972,0.29180887,0.46587032,0.34641638,0.8020478,0.8447099,0.18259385,0.0,0.020477816,0.37201366,0.2576792,0.13822526,0.20819113,1.4809096,-0.82666093,-0.61160177,0.24494548,-0.01992539,-0.022272281,-0.19299811,-0.27185544
188005546,0.39761093,0.0,0.0,0.0,0.18259385,0.94880545,0.6757679,0.35153583,0.0,0.40784982,0.48293516,0.51365185,0.6877133,0.6672355,1.6645161,-0.9144942,-0.3183552,-0.5265499,-0.24271311,-0.24395108,0.12507603,-0.44908214
188144085,0.42662117,0.7064846,0.9931741,1.0,0.18771331,0.6416382,0.5460751,0.48122868,0.0,0.46587032,0.48293516,0.36177474,0.7440273,0.7764505,0.37401465,0.5338916,-0.6435941,-0.64522237,-1.6507869,-1.6422328,0.7418688,-0.9759178
181507079,0.8737201,0.66382253,0.5904437,0.54266214,0.9351536,0.42320818,0.6006826,0.42662117,0.0,0.49658704,0.8020478,0.7201365,0.83617747,0.48122868,-0.6725366,0.1575435,-0.6421938,0.508965,1.2573515,1.2736961,-0.74466306,0.98106503
183389787,0.49317408,0.9215017,0.7337884,0.34414107,0.5102389,0.7337884,0.09556314,0.93174064,0.0,0.46587032,0.6433447,0.86177474,0.8668942,0.7764505,-0.85211575,0.07323868,-0.88741034,0.63550025,0.36414114,0.42108533,0.11787556,-0.3243741
190705207,0.9556314,0.98634815,0.99658704,0.76450515,0.43856657,0.552901,0.24914676,0.778157,0.9044369,0.43515357,0.5665529,0.4112628,0.6279864,0.52901024,-0.46888497,0.60575527,-0.57019585,0.6825901,-0.50037277,-0.5167865,-0.13108654,-0.41904953
193278030,0.71672356,0.8327645,0.85324234,0.7201365,0.3327645,0.91808873,0.38566554,0.6450512,0.0,0.70307165,0.049488056,0.6757679,0.47269624,0.11262798,-0.2891009,0.6267677,-0.9697588,0.7052909,-1.1389868,-1.0965618,1.1857147,-0.9479941
198111445,0.35836178,0.80716723,0.7713311,0.62457335,0.92491466,0.39590445,0.8447099,0.18259385,0.0,1.0,1.0,1.0,1.0,1.0,-0.85800815,-0.11747978,-0.4493056,0.8791021,0.9709469,1.0008607,-0.300183,0.49671146
198441535,0.43686005,0.34129694,0.4215017,0.665529,0.20989761,0.13993174,0.8225256,0.19453925,0.9931741,0.34300342,0.37201366,0.20648465,0.10750853,0.88566554,1.7381035,-1.878938,0.087419964,-0.018567465,-0.75374126,-0.7384653,1.4733588,-0.9120893
200739691,0.7389079,0.21501707,0.49829352,0.9897611,0.5699659,0.72696245,0.37201366,0.6552901,0.0,0.84641635,0.7457338,0.32935154,0.3890785,0.6177474,0.8181962,1.6038158,-0.7051548,-0.33157483,-0.2592152,-0.32921216,-0.5368604,-0.13620164
200875587,0.7474403,0.64675766,0.5085324,0.44709897,0.03924915,0.058020476,0.63139933,0.3890785,0.9556314,0.6177474,0.22696246,0.78156996,0.03583618,0.35836178,-0.86759424,-0.3484541,0.6072997,0.23493934,-2.0740037,-2.0685382,1.7173493,-1.0084757
206020825,0.69283277,0.5716724,0.7064846,0.887372,0.20136519,0.29351535,0.99658704,0.030716723,0.0,0.6825939,0.6109215,0.51365185,0.44880545,0.32593855,0.35472274,0.43095604,0.5543083,0.5998068,-1.8967032,-1.898016,-0.85462195,-0.98297226
202006292,0.831058,0.609215,0.46075085,0.42662117,0.96245736,0.105802044,0.7474403,0.27986348,0.0,0.38395905,0.5238908,0.4112628,0.44880545,0.52901024,-1.2549345,-0.44416308,0.23739997,0.61654127,-0.083922155,-0.05637671,0.2863399,-0.42339382
209927928,0.5870307,0.9283276,0.9283276,0.67235494,0.48122868,0.6040956,0.17064847,0.86006826,0.0,0.18771331,0.8805461,0.6757679,0.83617747,0.28668943,0.193732,0.8369491,-1.6682099,0.39567032,-0.91799355,-0.8919353,0.6300932,-0.8564634
204996626,0.97269624,0.6023891,0.6040956,0.6518771,0.890785,0.69283277,0.91808873,0.10921501,0.8976109,0.34300342,0.1331058,0.05972696,0.3208191,0.11262798,0.30414248,0.039244626,-0.13290943,0.28817198,2.2730815,2.1263068,-1.71831,5.6665683
219522993,0.9761092,0.62969285,0.60750854,0.60750854,0.4095563,0.35153583,0.9556314,0.07167236,0.9453925,0.34300342,0.6996587,0.29863483,0.07167236,0.13822526,-1.5462391,-0.7000057,0.516142,-1.0514098,0.27107662,0.31877202,0.5349151,-0.42770833
227546481,0.1996587,0.0,0.0,0.0,0.044368602,0.28327644,0.79010236,0.23720136,0.0,0.18771331,0.06313993,0.1109215,0.41808873,0.058020476,-0.46793133,-0.052123196,0.5737727,-0.41266826,-1.9121928,-1.9321204,0.03785885,-0.9405679
223837253,0.092150174,0.0,0.0,0.0,0.47440273,0.6518771,1.0,0.027303753,0.0,0.26962456,0.2576792,0.081911266,0.21843003,0.13822526,1.6659328,-0.23636836,-0.31743094,-0.8544337,0.31124473,0.26761538,-0.6753841,0.27486333
231887615,0.20819113,0.21501707,0.34812286,0.7440273,0.023890786,0.09897611,0.92491466,0.102389075,0.0,0.6825939,0.7457338,0.5546075,0.41808873,0.86860067,0.6044692,1.650412,5.672696,2.1502066,-1.9624777,-2.0003293,2.5210903,-1.010135
213716198,0.98293513,1.0,0.9897611,0.41638225,0.9044369,0.8191126,0.044368602,0.98293513,0.0,0.5546075,0.100682594,0.6757679,0.27303755,0.90102386,0.27336067,1.1795045,-0.92119616,0.36205912,0.99989855,0.9838084,-0.96353334,0.71724135
238870082,0.12286689,0.0,0.0,0.0,0.6808874,0.41979522,0.62457335,0.40273038,0.0,0.2440273,0.7713311,0.32935154,0.41808873,0.8020478,1.7382848,-0.1022627,0.67761546,-0.5457396,0.44168538,0.35287645,-1.0326054,0.8122819
234169214,0.57337886,0.0,0.0,0.0,0.26450512,0.87030715,0.7064846,0.3208191,0.0,0.63822526,0.71843004,0.32935154,1.0,0.6177474,0.97807986,2.116262,1.7058686,0.9660899,-0.51476854,-0.6020476,-0.34585124,-0.31990558
237338911,1.0,0.5068259,0.47895336,0.5784983,0.8430034,0.12969284,0.61433446,0.4129693,0.9112628,0.46587032,0.5238908,0.2576792,0.3890785,0.20819113,-0.13214935,-1.2112834,0.05303031,0.33300802,1.2830578,1.2907484,-0.835437,1.3620316
242843640,0.66382253,0.45051193,0.5767918,0.7679181,0.63139933,0.9146758,0.29692832,0.7303754,0.0,0.46587032,0.40784982,0.5546075,0.7883959,0.39761093,0.1151014,1.2019405,-0.29841813,-1.7512178,1.0879704,1.034965,-1.2494206,1.3954622
254041076,0.18259385,0.25255972,0.278157,0.39419794,0.39419794,0.9453925,0.887372,0.13993174,0.0,0.18771331,0.48293516,0.6757679,0.41808873,0.20819113,-0.35184342,0.49336496,-0.76287955,0.48849216,0.9689336,0.9838084,-0.5357817,0.62671155
244326131,0.3686007,0.7201365,0.70307165,0.63822526,0.5255973,0.97952217,0.98293513,0.044368602,0.0,0.26962456,0.48293516,0.32935154,0.18600683,0.39761093,0.4830772,1.72628,-1.2281007,0.07083535,0.3159162,0.26761538,-0.6377977,0.1117661
262735757,0.48293516,0.0,0.0,0.0,0.9590444,0.13651878,0.8959044,0.13139932,0.0,0.6177474,0.28498295,0.6757679,0.41808873,0.28668943,-1.2502085,-0.4208271,0.16167624,0.6684268,-0.025295617,0.04593658,0.8150297,-0.70166665
263562004,0.5102389,0.25255972,0.63822526,0.99658704,0.5802048,0.7064846,0.5221843,0.50511944,0.0,0.63822526,0.37201366,0.17918089,0.6040956,0.8549488,1.2385094,-0.6088219,-0.89141047,-0.3224393,0.33372694,0.35287645,-0.4139055,-0.09005709
266473397,0.4675768,0.0,0.0,0.0,0.59726965,0.2662116,0.3651877,0.66211605,0.0,0.26962456,0.48293516,0.51365185,1.0,0.6177474,1.9101738,-1.2471521,0.65395606,-0.5646667,-0.42068502,-0.4997343,0.16155085,-0.042431016
239040187,0.63139933,0.4675768,0.4675768,0.5904437,0.90102386,0.25597268,0.5392491,0.4880546,0.0,0.29863483,0.8634812,0.6757679,0.21843003,0.8020478,-1.093065,-0.44049245,-0.20309606,0.8747189,0.7207787,0.74507743,-0.009704382,0.25575858
273727808,0.14675768,0.4129693,0.0,0.0,0.023890786,0.23549488,0.443686,0.58361775,0.0,0.11945392,0.6433447,0.29863483,1.0,0.7474403,-0.55206347,-0.34190086,0.061519634,0.9505552,-2.2485938,-2.2390602,2.5210903,-1.010135
277646842,0.52901024,0.68600684,0.7986348,0.85324234,0.48464164,0.9419795,0.6825939,0.3447099,0.0,0.18771331,0.5238908,0.22354949,1.0,0.32593855,0.4803483,1.4852676,0.9688051,0.67003226,0.47306785,0.4040331,-0.8743785,0.6765227
279644673,0.25597268,0.45051193,0.66040957,0.89419794,0.9556314,0.4778157,0.5153584,0.51194537,0.0,0.34300342,0.68430036,0.60580206,0.1569966,0.17576791,-0.4491258,0.47081488,-0.361923,0.15450586,0.81967187,0.86444294,-0.40237457,0.14140025
275856665,0.45904437,0.28327644,0.44027305,0.7918089,0.15017065,0.99658704,0.9658703,0.061433446,0.0,0.43515357,0.100682594,0.4112628,0.34129694,0.5716724,0.61026806,1.3694664,-0.9098322,0.11388224,-0.73345363,-0.72141314,0.6890291,-0.8274064
285827903,0.37372014,0.39419794,0.6279864,0.9112628,0.2440273,0.9658703,0.33959043,0.6877133,0.0,0.49658704,0.3139932,0.20648465,0.49658704,0.8020478,0.26053604,1.3311334,-1.2436347,-0.20346648,-0.88290083,-0.87488306,0.5012314,-0.8281429
286653543,0.50511944,0.25255972,0.33959043,0.58361775,0.085324235,0.93856657,0.4778157,0.54948807,0.0,0.7372014,0.90102386,0.6365188,0.21843003,0.8020478,1.9128026,-0.9977433,0.06269891,-0.16940185,-0.36077014,-0.39742103,0.27612787,-0.30922097
292430172,0.72696245,0.9658703,0.9453925,0.59385663,0.97952217,0.67235494,0.93174064,0.09556314,0.0,0.11945392,0.8805461,0.5546075,0.83617747,0.6177474,0.385562,1.2778801,-0.39473948,-0.22066459,1.2883756,1.1713828,-1.4480937,2.2410517
296108769,0.35153583,0.62286687,0.5153584,0.49488056,0.8088737,0.66211605,0.6040956,0.42320818,0.0,0.2440273,0.44027305,0.60580206,0.887372,0.83788395,0.72927237,1.6199441,-0.46672586,-0.8056578,0.6472252,0.5745553,-1.1748688,0.7247246
286730672,0.8122867,0.7918089,0.8737201,0.8020478,0.5870307,0.48122868,0.18430035,0.8430034,0.0,0.49658704,0.6672355,0.45051193,0.47269624,0.25255972,-0.22528596,0.7843077,0.0965854,-2.6486046,-0.013198402,-0.039324496,-0.7294412,0.055510182
306527180,0.13993174,0.4129693,0.49146757,0.7064846,0.26962456,0.45051193,0.9590444,0.0665529,0.0,0.90614337,0.7457338,0.7201365,1.0,0.86860067,-0.5470667,0.58192766,2.8546293,1.7897476,-0.74120754,-0.75551754,0.054761283,-0.46545193
311553933,0.37372014,0.85324234,0.84641635,0.67918086,0.76450515,0.63139933,0.14334472,0.88395905,0.0,0.6552901,0.8020478,1.0,1.0,0.90102386,0.32465997,-0.14958519,-0.4736996,0.3030275,1.8838851,1.8705236,-1.3404762,2.373776
307408654,0.9897611,0.97269624,0.8976109,0.37542662,0.67235494,0.017064847,0.20477815,0.8225256,0.89419794,0.38395905,0.40784982,0.38225257,0.090443686,0.058020476,0.21138851,-1.9320993,0.3816792,0.054621503,0.26944008,0.3017198,-0.18829216,-0.09250946
314966528,0.59726965,0.0,0.0,0.0,0.5307167,0.556314,0.22354949,0.80716723,0.0,0.15358362,1.0,0.887372,0.83617747,0.7764505,-0.74819934,0.082094304,-0.9196551,0.7485432,0.21996388,0.28466758,0.20426376,-0.46924892
318565551,0.16040955,0.39419794,0.3686007,0.43686005,0.2337884,0.4334471,0.037542664,0.9897611,0.0,0.8242321,0.82764506,0.887372,0.017064847,0.11262798,0.21010771,-1.5987228,0.20588331,0.3519264,0.51661325,0.5745553,-0.025348471,-0.1582029
321902541,0.0,0.0,0.0,0.0,0.1109215,0.28668943,0.0,0.0,0.0,0.8242321,0.28498295,0.45051193,0.3208191,0.82081914,1.8994681,-2.0217252,0.013981301,-0.19250216,-0.90075856,-0.8919353,2.063808,-0.9601622
316367150,0.89419794,0.7389079,0.51877135,0.3532423,0.83959043,0.054607507,0.6894198,0.33788395,0.9283276,0.5546075,0.3139932,0.8088737,0.090443686,0.25255972,-1.5228802,-0.57283944,0.24109773,0.6518622,-0.43572947,-0.39742103,1.2674677,-0.7650902
324991546,0.11262798,0.54266214,0.59385663,0.70307165,0.17576791,0.37542662,0.11262798,0.91808873,0.0,0.22354949,0.2576792,0.1109215,0.7440273,0.5716724,0.17611596,-1.6990603,-0.018356096,0.49582782,0.47929463,0.5404508,0.06989412,-0.21126994
326646898,0.5665529,0.0,0.0,0.0,0.39419794,0.88395905,0.092150174,0.9351536,0.0,0.70307165,0.6433447,0.6365188,0.1569966,0.22866894,0.9182657,1.3266261,-1.121422,-0.82837945,-0.55193293,-0.6020476,-0.1267456,-0.47195977
326435000,0.4334471,0.0,0.0,0.0,0.054607507,0.98634815,0.4641638,0.5631399,0.0,0.11945392,0.33959043,0.78156996,0.83617747,0.6177474,0.3744542,1.185928,-0.7492073,-0.22567083,-1.5030757,-1.4887629,1.6679128,-0.9902408
315782586,0.47440273,0.0,0.0,0.0,0.43003413,0.7474403,0.5904437,0.43686005,0.0,0.2440273,0.44027305,0.36177474,0.52047783,0.13822526,-1.1151742,-0.28170833,-0.25618482,0.81874377,0.32214633,0.4040331,0.61325854,-0.58340585
332460612,0.52047783,0.0,0.0,0.0,0.8225256,0.54266214,0.1569966,0.87030715,0.0,0.26962456,0.15870307,0.025597269,0.18600683,0.058020476,-0.12433919,0.4477227,0.0073630405,0.104864605,1.7324044,1.6317927,-1.2810023,3.4640481
330843233,0.91808873,0.82935154,0.7849829,0.6211604,0.552901,0.80546075,0.04778157,0.97952217,0.0,0.5546075,0.7713311,0.48293516,0.80375427,0.6177474,0.17007188,-0.65009856,-0.673856,0.45095646,1.4710215,1.4953749,-0.91718525,1.259957
330019794,0.9419795,0.91808873,0.7918089,0.4334471,0.90784985,0.040955633,0.7337884,0.29351535,0.0,0.8634812,0.19624573,0.06825939,0.7627986,0.7474403,-1.5182797,-0.7926813,0.6204468,-1.201935,0.25505108,0.25056317,0.34099457,-0.08151197
339044677,0.86006826,0.5716724,0.43686005,0.42320818,0.87030715,0.30716723,0.8327645,0.19795223,0.9590444,0.6552901,0.7457338,0.7201365,0.3890785,0.39761093,-1.0467384,-0.29846796,0.0041639176,0.82472444,0.5589249,0.6257119,0.16329515,-0.27334112
342677599,0.5409556,0.6416382,0.7303754,0.8088737,0.721843,0.43686005,0.54266214,0.48464164,0.0,0.6177474,0.5665529,0.4112628,0.6279864,0.52901024,0.9043866,0.9604952,0.55915594,-0.968766,-0.073825985,-0.14163779,-1.1348699,0.17309546
342894002,0.49317408,0.66382253,0.67235494,0.6757679,0.40443686,0.49829352,0.10409556,0.92662114,0.0,0.38395905,0.5665529,0.5546075,0.29863483,0.39761093,0.39556918,1.052269,-1.2706753,-0.6219459,-1.3833352,-1.3693973,0.6517836,-0.95000446
347245137,0.87713313,0.5238908,0.39590445,0.4095563,0.8668942,0.16382253,0.06825939,0.9590444,0.0,0.40784982,0.5665529,0.45051193,0.41808873,0.39761093,-1.0157764,-0.06383065,2.0696096,1.4007158,0.7500036,0.74507743,-0.31528562,0.94017965
357733332,0.26279864,0.0,0.0,0.0,0.2440273,0.6587031,0.8088737,0.21843003,0.0,0.34300342,0.33959043,0.4112628,0.21843003,0.22866894,1.148913,1.3720082,3.2517982,0.69243485,-1.0097488,-1.0795096,-0.94353914,-0.60515696
350707219,0.07679181,0.0,0.0,0.0,0.010238908,0.010238908,0.7525597,0.27474403,0.0,1.0,1.0,1.0,1.0,1.0,-0.18639658,0.121805064,-0.6662169,0.7210544,-2.2935705,-2.290217,2.5210903,-1.010135
371698248,0.2901024,0.65358365,0.61433446,0.5784983,0.4641638,0.443686,0.0784983,0.94880545,0.0,0.29863483,0.82764506,0.45051193,0.52047783,0.25255972,-1.3925613,-0.6194268,-0.034991864,0.9516611,0.12626895,0.19940652,1.1229051,-0.6727809
360118218,0.6109215,0.6348123,0.83617747,0.93856657,0.668942,0.71672356,0.28327644,0.7440273,0.0,0.087030716,0.33959043,0.86177474,0.7627986,0.28668943,-0.5345893,0.48341474,-0.7766567,0.5409908,1.1896132,1.2054873,-0.72903264,0.8108418
375713814,0.6450512,0.5238908,0.74061435,0.9419795,0.81569964,0.81569964,0.21501707,0.8122867,0.0,0.5870307,0.6672355,0.45051193,0.44880545,0.48122868,0.13206261,1.1167862,-0.81747174,-0.30036148,1.2371992,1.188435,-1.1861802,1.3830624
375927138,0.0,0.0,0.0,0.0,0.19795223,0.9761092,0.0,0.0,0.0,0.18771331,0.37201366,0.29863483,0.27303755,0.28668943,0.17878146,1.2154924,-0.5502359,0.1648104,-0.7284351,-0.7043609,0.5784912,-0.8340613
376549561,0.16552901,0.3139932,0.49488056,0.84641635,0.13481228,0.665529,0.7372014,0.2901024,0.0,0.6552901,0.48293516,0.13139932,0.83617747,0.28668943,0.43247396,1.0271132,-0.64481026,0.0009777986,-1.9056664,-1.898016,1.6771623,-1.0050912
377019727,0.76450515,0.5068259,0.3327645,0.27133107,0.8498294,0.221843,0.21843003,0.8020478,0.9522184,0.8088737,0.8805461,0.75938565,0.06313993,0.88566554,-0.013855327,-1.2603408,-0.12046468,0.3422601,1.0839758,1.1202261,-0.51958007,0.6729325
377618843,0.5409556,0.39419794,0.6825939,0.9692833,0.13481228,0.47440273,0.8191126,0.20819113,0.0,0.7372014,0.5238908,0.4112628,0.71672356,0.5716724,1.9356636,-1.643349,-0.05694199,-0.19322385,-0.7480363,-0.7384653,1.4470559,-0.90325946
384448101,0.49829352,0.36348122,0.39590445,0.5716724,0.44709897,0.5767918,0.9761092,0.051194537,0.0,0.5238908,0.0784983,0.081911266,0.052901022,0.35836178,0.023361482,0.82710487,-0.44170824,-0.32418248,-0.5589621,-0.550891,-0.09276871,-0.6073731
383444221,0.21672355,0.39419794,0.47895336,0.7133106,0.7133106,0.8498294,0.48464164,0.54266214,0.0,0.18771331,0.8020478,0.6757679,0.7627986,0.44197953,0.2685766,1.1849984,-0.77921677,0.16011553,0.5923388,0.5745553,-0.81845874,0.3669129
379914754,0.53583616,0.69283277,0.7542662,0.7713311,0.55972695,0.92491466,0.27303755,0.7542662,0.0,0.7679181,0.71843004,0.7457338,0.54266214,0.6177474,-0.40711257,0.61887026,-0.61330384,0.6974033,0.8748339,0.89854735,-0.47472924,0.35736704
384772002,0.45904437,0.48634812,0.3327645,0.2764505,0.68600684,0.16040955,0.60750854,0.41979522,0.0,0.84641635,0.82764506,0.60580206,0.778157,0.91638225,-1.5063044,-0.67455333,0.40470183,-0.9855542,0.33825788,0.3869809,0.5704459,-0.39504737
385135569,0.9044369,0.59385663,0.5324232,0.556314,0.9112628,0.07167236,0.7303754,0.29692832,0.0,0.90614337,0.85153586,0.78156996,0.54266214,0.6177474,-1.5375563,-0.6506611,0.44112447,-1.0929608,0.45518276,0.48929417,0.31510934,-0.21379071
385861420,0.44709897,0.62969285,0.62457335,0.6450512,0.6552901,0.8259386,0.49829352,0.52901024,0.0,0.7372014,0.5238908,0.78156996,0.49658704,0.6672355,1.2935094,0.09039054,-0.615407,-0.1199821,0.8830277,0.86444294,-0.96097094,0.71436036
386762884,0.9112628,0.45051193,0.8225256,0.9931741,0.87713313,0.51877135,0.24232082,0.7849829,0.0,0.6177474,0.22696246,0.60580206,0.6877133,0.44197953,-0.4434637,0.59879047,-0.45184842,0.24102947,1.5468205,1.5294793,-1.0563607,1.7121514
398537232,0.6825939,0.21501707,0.33959043,0.7235495,0.8805461,0.24232082,0.8259386,0.20477815,0.0,0.38395905,0.6433447,0.60580206,0.052901022,0.44197953,-1.1423091,-0.51042974,0.31730354,0.64892876,0.5158212,0.52339864,0.2338409,0.403379
395880254,0.34812286,0.7474403,0.6552901,0.5255973,0.7337884,0.40273038,0.63822526,0.39249146,0.0,1.0,1.0,1.0,1.0,1.0,-1.0560107,-0.21259709,-0.3748848,0.57700783,0.65107083,0.7280252,0.17964154,-0.30618078
390188652,0.24232082,0.48634812,0.41638225,0.46075085,0.3020478,0.45392492,0.40614334,0.6211604,0.0,0.43515357,0.3139932,0.32935154,0.1569966,0.17576791,-0.5986105,0.54627085,0.64641595,-4.2753954,-1.1365721,-1.1477185,-0.40871584,-0.7701492
409652005,0.90784985,0.4129693,0.3890785,0.51194537,0.82764506,0.14334472,0.334471,0.69283277,0.0,0.49658704,0.11945392,0.45051193,0.18600683,0.044368602,-1.4127443,-0.44656256,0.23189464,-1.052083,0.3897182,0.43813753,0.33809003,-0.28681082
399424857,0.39761093,0.42662117,0.7201365,0.9761092,0.35153583,0.7372014,0.25597268,0.77474403,0.0,0.5238908,0.8020478,0.8174061,0.12798634,0.52901024,0.3250721,-0.8414335,-0.4532164,0.5152578,1.1784475,1.188435,-0.7141116,1.0675972
420218705,0.049488056,0.0,0.0,0.0,0.12457338,0.31740615,0.97952217,0.04778157,0.0,0.015358361,0.6109215,0.4112628,0.08020478,0.39761093,1.8992339,-2.0287905,-0.12177276,-0.19348314,-0.904235,-0.8919353,2.141815,-0.9781817
413145606,0.58361775,0.36348122,0.6348123,0.92491466,0.6177474,0.83959043,0.75767916,0.26962456,0.0,0.49658704,0.37201366,0.60580206,0.06313993,0.52901024,0.8753362,1.4089215,-0.71146375,-0.9673503,-0.015881542,-0.05637671,-0.5917504,-0.16212548
414315708,0.7849829,0.0,0.0,0.0,0.778157,0.034129694,0.778157,0.24573378,0.97269624,0.2440273,0.19624573,0.1109215,0.52047783,0.39761093,0.012575276,-1.7578987,0.29009897,0.12679484,0.55914086,0.6086597,-0.17608221,-0.004201665
433914754,0.23720136,0.0,0.0,0.0,0.12457338,0.7883959,0.5631399,0.4675768,0.0,0.13993174,0.2576792,0.15187714,0.7883959,0.52901024,0.31053028,1.2632968,-0.8829348,-0.34678903,-1.5514137,-1.5399195,1.2980062,-0.98227143
432386050,0.6416382,0.8122867,0.7679181,0.61433446,0.31228667,0.47098976,0.2764505,0.75085324,0.0,1.0,1.0,1.0,1.0,1.0,-0.26275,0.7253869,1.1680778,-4.437106,-0.99048233,-1.028353,-1.0191303,-0.5557432
438098250,0.79692835,0.42662117,0.36006826,0.37201366,0.943686,0.11604095,0.67918086,0.34812286,0.0,0.13993174,0.40784982,0.86177474,0.5699659,0.7013652,-1.3487018,-0.6841535,0.13480906,1.1780461,0.427017,0.42108533,0.51537794,0.27934867
440118020,0.7303754,0.21501707,0.4641638,0.98293513,0.6262799,0.5324232,0.6211604,0.40614334,0.0,0.84641635,0.33959043,0.17918089,0.29863483,0.7474403,1.4771743,-0.05989832,-0.27863643,-0.8194637,0.6679735,0.59160745,-1.0877723,1.0850598
451887854,0.17064847,0.3139932,0.38566554,0.6348123,0.69283277,0.18088737,0.5767918,0.45051193,0.0,0.29863483,0.22696246,0.5546075,0.47269624,0.28668943,-0.020106297,-1.3980886,0.015410463,0.65620136,0.94627625,0.9838084,-0.4636549,0.51087147
464126932,0.23720136,0.0,0.0,0.0,0.6211604,0.51194537,0.37883958,0.6518771,0.0,0.8088737,0.049488056,0.6757679,0.0,0.7013652,-0.4935057,0.2875442,-0.52042294,-0.15709612,-0.46585637,-0.41447324,0.43027756,-0.74750054
464530078,0.42662117,0.65358365,0.78156996,0.86006826,0.102389075,0.58361775,0.13993174,0.890785,0.0,0.6177474,0.48293516,0.60580206,0.24914676,0.44197953,-0.005659478,0.5342871,-0.62203854,-0.032564525,-1.9828362,-1.9662248,1.3601311,-1.0062375
474086497,0.1569966,0.36348122,0.39590445,0.5716724,0.14163822,0.5221843,0.69624573,0.33105803,0.0,0.025597269,0.2576792,0.17918089,0.1569966,0.13822526,0.2073056,0.35620782,-0.008865941,-1.537835,-1.9864155,-1.9832771,0.69504714,-0.9995145
464036748,0.9453925,0.92491466,0.71672356,0.33105803,0.9675768,0.334471,0.7235495,0.30375427,0.0,0.18771331,0.15870307,0.29863483,0.47269624,0.081911266,-1.1634341,-0.46890745,-0.052456386,0.46413657,0.65726334,0.7280252,0.17434414,-0.26109424
478550443,0.40273038,0.3139932,0.31911263,0.39419794,0.93856657,0.07508533,0.5699659,0.4573379,0.0,0.11945392,0.48293516,0.5546075,0.83617747,0.17576791,-1.3433508,-0.78787845,0.23589009,1.18211,0.11583654,0.13119766,1.1331227,-0.20042647
498516222,0.092150174,0.0,0.0,0.0,0.7474403,0.8737201,0.86006826,0.1672355,0.0,1.0,1.0,1.0,1.0,1.0,-0.8598809,0.3213632,-0.41151574,-0.66504556,1.2238965,1.2395916,-0.6557624,0.87124693
492334321,0.61604095,0.0,0.0,0.0,0.6262799,0.19112629,0.8737201,0.15017065,0.9761092,0.9197952,1.0,1.0,1.0,1.0,-1.4226857,-0.7805869,0.20035897,1.0669577,-0.117920086,-0.039324496,1.4951051,-0.8488377
499385731,0.11774744,0.21501707,0.2320819,0.29863483,0.6450512,0.22525597,0.41638225,0.6109215,0.0,0.7133106,0.5665529,0.32935154,0.52047783,0.52901024,-0.015304531,-1.3649832,-0.07551787,0.34814572,0.9589662,1.0179129,-0.37345687,0.30754864
504091360,0.034129694,0.0,0.0,0.0,0.41979522,0.9692833,0.66382253,0.36348122,0.0,0.0068259384,0.22696246,0.17918089,0.7440273,0.17576791,0.57280356,1.5312526,-1.2224407,-0.10800555,0.09218662,0.08004101,-0.5000639,-0.27050042
504974762,0.42662117,0.36348122,0.59726965,0.90784985,0.27303755,0.84641635,0.6996587,0.32764506,0.0,0.79010236,0.5665529,0.58191127,0.29863483,0.6672355,0.44287392,1.1883442,-0.6490959,-0.4937038,-1.2179364,-1.2159274,0.27602527,-0.8934893
493345962,0.98634815,0.9044369,0.77474403,0.44027305,0.51877135,0.17747441,0.90784985,0.11945392,0.0,0.8242321,0.6109215,0.51365185,0.6040956,0.8020478,0.10262702,-1.5940784,0.50427973,0.15529262,0.6660169,0.6598163,-0.63844335,0.912245
504490553,0.69283277,0.71672356,0.52901024,0.40443686,0.890785,0.088737205,0.44709897,0.57337886,0.98634815,0.2440273,0.28498295,0.081911266,0.27303755,0.13822526,-1.4557412,-0.59594196,0.28817198,-0.8911832,0.5116942,0.55750304,0.19798286,-0.21811679
506494501,0.07679181,0.28327644,0.36006826,0.556314,0.66211605,0.21160409,0.13481228,0.8959044,0.0,0.0665529,0.33959043,0.36177474,0.6877133,0.52901024,-1.4139884,-0.6566626,0.15432853,0.69293946,0.24612008,0.31877202,0.77140194,-0.5994501
517098216,0.41638225,0.7389079,0.69624573,0.59726965,0.16211604,0.29692832,0.44027305,0.5870307,0.0,0.6825939,0.19624573,0.48293516,0.18600683,0.7474403,0.92163926,0.45589995,0.51131636,-0.53205615,-2.0693493,-2.0685382,1.3601311,-1.0074282
520354635,0.39249146,0.0,0.0,0.0,0.38566554,0.69624573,0.7610921,0.2662116,0.0,0.29863483,0.15870307,0.025597269,0.65358365,0.35836178,0.3970886,1.0996227,-0.5992308,-0.6006057,-0.6466997,-0.65320426,-0.1402907,-0.664324
507642943,0.63139933,0.21501707,0.2320819,0.29863483,0.60750854,0.38225257,0.9897611,0.037542664,0.0,0.9283276,0.7457338,0.8088737,0.83617747,0.8020478,0.35480154,-0.97289556,-0.106828846,0.32922357,0.95407957,0.9838084,-0.60440224,0.5927797
522638161,0.5699659,0.64675766,0.53583616,0.4778157,0.4778157,0.4641638,0.12286689,0.90784985,0.0,0.46587032,0.40784982,0.5546075,0.08020478,0.48122868,-1.1665257,-0.35924512,-0.21735202,0.8702365,0.08255981,0.16530208,0.94334835,-0.7178049
527787343,0.5802048,0.8668942,0.9215017,0.80546075,0.24914676,0.4880546,0.3686007,0.6587031,0.0,0.5870307,0.37201366,0.29863483,0.27303755,0.48122868,1.6818756,-1.1933105,-0.45161504,-0.20607147,-0.40128094,-0.39742103,0.21981858,-0.59471005
530762882,0.38566554,0.0,0.0,0.0,0.20989761,0.46075085,0.14675768,0.8805461,0.0,0.22354949,0.5665529,0.4112628,0.6040956,0.20819113,1.8565052,-1.3763856,0.3625899,-0.5342797,-0.56746787,-0.56794316,0.66818655,-0.7392352
528111053,0.16552901,0.34129694,0.278157,0.28327644,0.22696246,0.86006826,0.9522184,0.07508533,0.0,0.102389075,0.78156996,0.51365185,0.41808873,0.32593855,-0.19978622,1.2584481,0.7074445,-3.2169049,-0.40839767,-0.44857767,-0.6728697,-0.20494714
533994225,0.2901024,0.0,0.0,0.0,0.37542662,0.7201365,0.90102386,0.12627986,0.0,0.79010236,0.5238908,0.32935154,0.5699659,0.52901024,-0.71709275,-0.03461348,0.025676232,-0.0014900854,0.22471996,0.26761538,0.22015171,-0.28094172
532023014,0.47440273,0.3139932,0.6177474,0.9658703,0.23890784,0.60750854,0.47440273,0.552901,0.0,0.2440273,0.6672355,0.23720136,0.8805461,0.7013652,1.6041124,-0.9541648,-0.0052445135,-0.44939116,-0.16011542,-0.15869,-0.13226293,-0.4419291
530282813,0.0,0.0,0.0,0.0,0.8976109,0.9351536,0.0,0.0,0.0,0.0665529,0.029010238,0.018771332,0.027303753,0.011945393,0.47734866,0.24484824,-0.15872483,-0.068159014,2.2121189,2.1263068,-1.7260481,4.0099688
544180374,0.81569964,0.54266214,0.37883958,0.334471,0.9197952,0.11945392,0.78156996,0.24914676,0.0,0.34300342,0.48293516,0.48293516,0.47269624,0.52901024,-1.4325528,-0.43996742,0.35035768,-1.3536227,0.18394096,0.19940652,0.3695056,-0.1893746
540792016,0.8634812,0.54266214,0.5631399,0.68600684,0.1109215,0.19795223,0.8668942,0.16040955,0.0,0.22354949,0.11945392,0.052901022,0.07167236,0.037542664,-1.5279783,-0.4463299,1.3908144,-2.920536,-0.95765543,-0.9601441,0.44094414,-0.79643226
539429904,0.94880545,0.72696245,0.47269624,0.32764506,0.86006826,0.15358362,0.6518771,0.37542662,0.0,0.29863483,0.1331058,0.45051193,0.41808873,0.22866894,-1.4191787,-0.34706357,0.6720109,-0.8323482,0.47064695,0.5063464,0.17804392,-0.11075855
545546943,0.20819113,0.39419794,0.5255973,0.7883959,0.05972696,0.43003413,0.33959043,0.6877133,0.0,0.34300342,0.15870307,0.1109215,0.41808873,0.6672355,0.2617649,0.2756513,0.69650406,-0.03989902,-2.1352983,-2.1537993,-2.2715876,-0.9914329
548345799,0.2901024,0.54266214,0.4880546,0.5665529,0.33788395,0.8976109,0.17064847,0.86006826,0.0,0.49658704,0.33959043,0.45051193,0.29863483,0.44197953,1.4573559,-0.5233467,-0.85794306,-0.021888271,0.16709445,0.1823543,-0.2961102,-0.25910842
556850505,0.52901024,0.34129694,0.556314,0.90102386,0.5221843,0.3651877,0.77474403,0.25597268,0.0,0.7679181,0.22696246,0.03583618,0.41808873,0.83788395,1.6921422,-0.8992045,-0.21166012,-0.32993665,-0.097222954,-0.14163779,-0.34114933,-0.12507424
555190258,0.058020476,0.0,0.0,0.0,0.61433446,0.081911266,0.06484642,0.96245736,0.0,0.40784982,0.44027305,0.17918089,0.7440273,0.8020478,-1.3129764,-0.7729737,0.017650012,1.0371143,-0.09199324,-0.005220066,1.5159763,-0.8658746
554533632,0.7679181,0.83617747,0.90102386,0.8122867,0.7713311,0.82935154,0.80546075,0.221843,0.0,0.84641635,0.5665529,0.36177474,0.71672356,0.7474403,-0.023355395,0.99436295,-1.0708388,-0.02599853,1.077585,1.0690695,-0.9520234,0.80440897
558944497,0.27986348,0.7389079,0.87713313,0.8976109,0.3993174,0.5460751,0.68600684,0.34129694,0.0,0.5870307,0.11945392,0.36177474,0.6877133,0.52901024,0.7932466,1.1496639,0.28818592,-1.5242794,-1.1681112,-1.2159274,-0.20183998,-0.71475124
565806302,0.07679181,0.0,0.0,0.0,0.4573379,0.5085324,0.9351536,0.092150174,0.0,0.34300342,0.14163822,0.32935154,0.18600683,0.28668943,1.8013467,-0.7374273,0.05142344,-1.2577776,-0.12288539,-0.17574222,-0.59504336,0.0065464675
569020722,0.59385663,0.5870307,0.8668942,0.98634815,0.83617747,0.668942,0.10921501,0.9215017,0.0,0.88395905,0.5238908,0.6757679,0.52047783,0.48122868,0.92924285,0.3767647,-0.29895735,-0.68160635,1.8266337,1.6829493,-1.6918144,3.9802701
568044634,0.99658704,0.58191127,0.7133106,0.8737201,0.9197952,0.24573378,0.43686005,0.59385663,0.0,0.46587032,0.44027305,0.278157,0.24914676,0.39761093,-1.1584918,-0.23735799,0.22116305,-1.0330397,0.82944965,0.8473907,-0.31680143,0.42272893
569704504,0.3139932,0.28327644,0.36006826,0.556314,0.31740615,0.1672355,0.30716723,0.7201365,0.0,0.09556314,0.100682594,0.13139932,0.44880545,0.39761093,0.43998644,0.057685472,-0.7391912,-0.29397565,-2.1608927,-2.1537993,1.6875812,-1.0094755
570373088,0.7713311,0.5648464,0.26791808,0.23037542,0.7986348,0.14675768,0.40273038,0.62457335,0.0,1.0,1.0,1.0,1.0,0.92662114,-1.384765,-0.37665924,0.38724723,-0.8988424,0.6684174,0.67686856,-0.044183094,0.2716581
582505294,0.11774744,0.28327644,0.29180887,0.39419794,0.80546075,0.17406143,0.66382253,0.36348122,0.0,0.8088737,0.6109215,0.4112628,0.65358365,0.7013652,-0.029811526,-1.3288937,0.04272333,0.32240316,1.0404955,1.0861217,-0.47058994,0.52959484
570904936,0.23037542,0.3139932,0.4573379,0.778157,0.17576791,0.9112628,0.9419795,0.085324235,0.0,0.49658704,0.68430036,1.0,0.29863483,0.39761093,1.0819079,1.7031087,2.8245943,0.522875,-0.87027705,-0.9430919,-0.3961919,-0.56429964
588902665,0.0,0.0,0.0,0.0,0.085324235,0.3447099,0.0,0.0,0.0,0.7679181,0.034129694,0.32935154,0.10750853,0.92662114,0.743477,1.6581401,5.764163,1.6766453,-1.881541,-1.9321204,0.8903115,-0.98922896
588098463,0.41638225,0.28327644,0.0,0.0,0.8737201,0.1331058,0.54948807,0.4778157,0.0,0.49658704,0.15870307,0.20648465,0.27303755,0.037542664,-1.2177078,-0.316141,0.53093725,-0.816113,0.74969494,0.77918184,-0.21497664,0.22446164
587206584,0.13139932,0.61604095,0.37542662,0.28668943,0.09556314,0.4675768,0.45051193,0.5802048,0.0,0.054607507,0.0068259384,0.0068259384,0.3890785,0.32593855,-0.08557781,0.1638072,-0.09110248,-0.37908724,-1.9152893,-1.898016,1.0207738,-1.0014116
592488210,0.78156996,0.39419794,0.31911263,0.31569967,0.6808874,0.6450512,0.87030715,0.1569966,0.0,1.0,1.0,1.0,1.0,1.0,0.40690038,-0.53982824,-0.3801757,0.36721304,1.3122913,1.341905,-0.8799751,0.9685882
591947599,0.21672355,0.96245736,0.81569964,0.33788395,0.97269624,0.8805461,0.6177474,0.4095563,0.0,0.84641635,0.8805461,0.78156996,0.013651877,0.7474403,0.07365113,0.9606053,-0.7189037,-0.030351987,1.4973737,1.4612705,-1.2104357,1.6869718
591528878,0.26962456,0.0,0.0,0.0,0.19453925,0.3208191,0.054607507,0.97269624,0.0,0.7679181,0.48293516,0.278157,0.34129694,0.7013652,1.8631613,-1.9842834,-0.112387955,-0.2958994,-0.86960214,-0.8578308,1.8720136,-0.951447
603558979,0.7235495,0.54266214,0.40443686,0.40443686,0.46075085,0.061433446,0.4675768,0.55972695,0.0,1.0,1.0,1.0,1.0,1.0,-1.5919913,-0.7094288,0.7686688,-1.8641775,-0.41378364,-0.3803688,0.9327836,-0.7299923
604833460,0.25255972,0.83959043,0.5870307,0.31569967,0.5017065,0.75085324,0.52730376,0.5,0.0,0.6177474,0.48293516,0.2576792,0.5699659,0.44197953,0.075266875,0.9909881,-1.7609082,0.7715247,-0.7922141,-0.75551754,0.90151185,-0.88840216
595696948,0.3003413,0.59385663,0.7440273,0.890785,0.5631399,0.5631399,0.051194537,0.9761092,0.0,0.5238908,0.15870307,0.29863483,0.71672356,0.11262798,0.51745045,1.4358982,-1.22805,-0.38186017,-0.50386864,-0.550891,-0.39739797,-0.40533516
599420162,0.23037542,0.0,0.0,0.0,0.26450512,0.778157,0.088737205,0.93856657,0.0,0.0665529,0.44027305,0.15187714,0.7883959,0.35836178,0.56672984,-0.71429855,-0.116992876,-0.4632077,0.9713262,0.9838084,-0.7411426,0.7283918
605740065,0.12627986,0.42662117,0.0,0.0,0.8020478,0.30375427,0.79010236,0.23720136,0.0,0.8242321,0.6433447,0.60580206,0.6279864,0.7764505,-0.9707954,-0.34483618,0.07176498,0.5751093,0.4879953,0.55750304,0.3195216,-0.32634047
609017676,0.3651877,0.0,0.0,0.0,0.19112629,0.33105803,0.061433446,0.9658703,0.0,0.5238908,0.82764506,0.78156996,0.52047783,0.52901024,1.900326,-1.8699509,0.16351412,-0.28075123,-0.8216401,-0.8237264,1.6882343,-0.861167
614567339,0.19112629,0.556314,0.68600684,0.83617747,0.7849829,0.55972695,0.20136519,0.8259386,0.0,0.15358362,0.100682594,0.15187714,0.10750853,0.32593855,0.7138631,-0.23957974,-0.6559947,-0.17718302,1.3392175,1.3248527,-1.1472498,1.409928
614947689,0.100682594,0.48634812,0.5802048,0.7303754,0.023890786,1.0,0.2337884,0.7935154,0.0,0.7372014,0.0784983,0.17918089,0.12798634,0.5716724,-0.8892837,0.05850186,0.89377254,-4.9771843,-1.5074865,-1.505815,0.5259885,-0.9496437
606237554,0.9658703,0.90784985,0.9761092,0.9283276,0.30716723,0.32764506,0.76450515,0.25255972,0.98293513,0.46587032,0.28498295,0.36177474,0.1569966,0.092150174,0.17746499,-1.7464663,0.18121432,0.33487427,0.42747378,0.47224197,-0.1630575,-0.07763633
613513928,0.38054606,0.0,0.0,0.0,0.21501707,0.35494882,0.5085324,0.51877135,0.0,0.43515357,0.48293516,0.17918089,0.12798634,0.25255972,0.6931759,0.79603523,1.0361062,-0.31087598,-1.8976493,-1.9321204,-1.1481621,-0.9551072
616404528,0.55972695,0.6774744,0.6894198,0.69624573,0.45221844,0.6348123,0.9215017,0.105802044,0.0,0.18771331,0.40784982,0.887372,0.03583618,0.092150174,0.91834825,1.6917614,0.48805818,-0.16844371,-0.37735075,-0.43152544,-0.45711794,-0.36130804
618480996,0.62286687,0.45051193,0.30375427,0.27133107,0.9283276,0.24914676,0.70307165,0.32423207,0.0,1.0,1.0,1.0,1.0,1.0,-1.224218,-0.48937368,0.26053804,0.67855656,0.72442436,0.6939208,-0.0061667333,0.72978294
617738459,0.029010238,0.0,0.0,0.0,0.49658704,0.887372,0.0,1.0,0.0,1.0,1.0,1.0,1.0,1.0,0.29252034,-0.71701276,-0.4310854,0.2132465,1.3309866,1.3589572,-0.8553489,1.0528845
619158064,0.9692833,0.8737201,0.97952217,0.97952217,0.2337884,0.50511944,0.8566553,0.17064847,0.97952217,0.8242321,0.7457338,0.7201365,0.44880545,0.48122868,0.20072798,-1.5756589,0.17419338,0.24406286,0.5659693,0.6086597,-0.30870914,0.06047472
619757115,0.15017065,0.7679181,0.6109215,0.41979522,0.7081911,0.35836178,0.97098976,0.05631399,0.0,0.34300342,0.11945392,0.09556314,0.5699659,0.6177474,1.4580351,-0.17158301,0.15444149,0.07453275,0.5382043,0.45518973,-1.022176,1.0196764
629696566,0.049488056,0.0,0.0,0.0,0.48976108,0.3993174,0.8959044,0.13139932,0.0,1.0,1.0,1.0,1.0,1.0,-1.305343,-0.4269712,0.33259368,-1.3502086,0.09876379,0.13119766,0.48376507,-0.37921757
630978743,0.06825939,0.0,0.0,0.0,0.17576791,0.06825939,0.8447099,0.18259385,0.0,0.18771331,0.15870307,0.09556314,0.10750853,0.07167236,-1.3030618,-0.8681944,0.10791777,1.0201913,-0.6756641,-0.6020476,2.1311567,-0.98347586
624017459,0.96245736,0.5238908,0.44709897,0.5017065,0.69624573,0.051194537,0.79522187,0.2320819,0.91808873,0.010238908,0.8805461,0.03583618,0.6877133,0.081911266,-1.5922724,-0.929334,0.36114034,0.6815646,-0.2533327,-0.22689886,1.1326027,-0.63982445
633992313,0.85324234,0.58191127,0.4215017,0.38225257,0.88395905,0.2901024,0.5017065,0.5255973,0.9419795,0.6552901,0.71843004,0.8976109,0.18600683,0.39761093,-0.88988787,-0.16328429,0.11759204,0.80649763,1.0326966,0.9838084,-0.43610647,1.8218647
636356332,0.3105802,0.8191126,0.8020478,0.6587031,0.16211604,0.62457335,0.085324235,0.9419795,0.0,0.102389075,0.40784982,0.17918089,0.49658704,0.44197953,1.8123045,-1.4701704,-0.15945172,-0.38830838,-0.5565387,-0.56794316,0.6753268,-0.65576786
631674191,0.22525597,0.5238908,0.36006826,0.29863483,0.77474403,0.11262798,0.3105802,0.71672356,0.0,0.5870307,0.18259385,0.2576792,0.34129694,0.11262798,-1.4733815,-0.71773136,0.33019838,-1.0267705,0.37934372,0.4040331,0.49309757,-0.18790318
640310041,0.088737205,0.0,0.0,0.0,0.7440273,0.22866894,0.57337886,0.45392492,0.0,0.7372014,1.0,1.0,1.0,0.83788395,-1.3875146,-0.77030784,0.04166332,0.98228663,0.39097565,0.3869809,0.63688576,0.24167913
636476138,0.34300342,0.21501707,0.2320819,0.29863483,0.46928328,0.7849829,0.8447099,0.18259385,0.0,0.9197952,0.8976109,0.86177474,0.71672356,0.90102386,-0.41579226,0.48932958,-0.13878968,-0.5345219,-0.08659858,-0.07342893,-0.23257016,-0.28785753
643623469,0.0,0.0,0.0,0.0,0.28327644,0.61433446,0.0,0.0,0.0,0.34300342,0.5665529,0.1109215,0.65358365,0.39761093,1.7695725,-1.1294404,-0.6392584,-0.57210517,-0.3315624,-0.3633166,0.10067115,-0.40370414
637527923,0.9283276,0.87713313,0.6416382,0.3225256,0.28327644,0.27303755,0.15017065,0.87713313,0.96245736,0.5870307,0.37201366,0.09556314,0.27303755,0.25255972,-1.5583544,-0.66148746,0.6583805,-1.2202544,-0.05445112,-0.005220066,0.8571363,-0.63538975
643440686,0.10921501,0.0,0.0,0.0,0.3020478,0.6279864,0.53583616,0.49146757,0.0,0.07679181,0.71843004,0.6757679,0.27303755,0.049488056,0.28036195,-1.1986088,-0.34471196,0.32845128,0.79652345,0.8473907,-0.44106477,0.19925375
651347934,0.44197953,0.0,0.0,0.0,0.8634812,0.20819113,0.64846414,0.38225257,0.0,0.037542664,0.018771332,0.2576792,0.7440273,0.17576791,-1.075269,-0.24093221,0.024228614,0.4002709,0.72201866,0.74507743,-0.07023857,0.3008856
657211195,0.63139933,0.0,0.0,0.0,0.0,0.0,0.6109215,0.41638225,0.0,0.79010236,0.90614337,0.8088737,0.020477816,0.44197953,-1.137988,0.017453061,0.25591597,-0.8204868,1.0167663,1.034965,-0.47423893,0.6014539
661988398,0.07679181,0.3139932,0.2320819,0.23890784,0.54266214,0.41638225,0.7525597,0.27474403,0.0,0.6825939,0.82764506,0.4112628,0.8668942,0.6672355,-0.68796444,0.010274507,0.16457976,0.57444394,0.7963702,0.8473907,-0.21433865,0.17595932
666486582,0.668942,0.21501707,0.25255972,0.39419794,0.37030718,0.37201366,0.4095563,0.6177474,0.0,0.2440273,0.049488056,0.20648465,0.52047783,0.6177474,-1.0267481,-0.059830565,-0.18028794,1.0446284,-0.54491186,-0.4826821,1.1416456,-0.86322314
646931346,0.32764506,0.48634812,0.2320819,0.21843003,0.890785,0.25255972,0.6348123,0.39590445,0.0,0.8976109,0.8805461,0.82935154,0.8805461,0.91638225,-0.99682814,0.14155576,1.8871605,1.2521698,0.788582,0.77918184,-0.3999999,0.99827695
668852913,0.70989764,0.45051193,0.25255972,0.23549488,0.8327645,0.085324235,0.42662117,0.6006826,0.0,0.18771331,0.22696246,0.03583618,0.6040956,0.28668943,-1.4855016,-0.5127808,0.23196167,-1.1458806,0.4887973,0.48929417,0.18550883,0.118711874
665916271,0.9590444,0.25255972,0.2320819,0.25597268,0.09556314,0.030716723,0.38225257,0.64846414,0.90102386,0.07679181,0.088737205,0.38225257,0.24914676,0.07167236,-1.3833759,-0.60748404,0.9489997,-0.253169,-1.4335537,-1.4376062,1.1916243,-0.93944234
678002511,0.1996587,0.36348122,0.42832765,0.6416382,0.5153584,0.12627986,0.66382253,0.36348122,0.0,1.0,1.0,1.0,1.0,1.0,-1.5159488,-0.6763992,0.42659718,-1.0269114,0.17392914,0.23351096,0.78750306,-0.569813
676671779,0.7064846,0.8566553,0.9112628,0.81569964,0.3208191,0.020477816,0.24573378,0.78156996,0.0,0.5546075,0.5665529,0.58191127,0.6040956,0.06484642,-0.40453595,-0.36063632,0.30743194,-0.08060313,-2.1820586,-2.1708515,2.5210903,-1.010135
680450997,0.97952217,0.4675768,0.4095563,0.45392492,0.9146758,0.21501707,0.32764506,0.6996587,0.0,0.6552901,0.8805461,0.6757679,0.052901022,0.6177474,-1.2490603,-0.35725883,0.1831508,0.77129465,0.7588793,0.7621296,-0.116436735,0.45343706
678985870,0.7201365,0.59385663,0.31911263,0.24914676,0.94880545,0.17064847,0.59385663,0.4334471,0.0,0.29863483,0.44027305,0.60580206,0.1569966,0.17576791,-1.3563828,-0.26054156,0.55628234,-0.9530149,0.62707305,0.6598163,-0.09584116,0.0475871
678393508,0.03924915,0.3139932,0.25255972,0.25597268,0.34641638,0.3139932,0.2337884,0.7935154,0.0,0.6825939,0.6109215,0.7201365,0.65358365,0.6177474,-0.09660957,-1.6720839,0.11257533,0.6065979,0.7582488,0.81328624,-0.25312743,0.14935328
690078313,0.03924915,0.28327644,0.0,0.0,0.20477815,0.7133106,0.0,1.0,0.0,1.0,1.0,1.0,1.0,1.0,0.40043604,-1.3475126,-0.15397094,0.40257102,0.5690225,0.6257119,-0.11149735,-0.11745725
681440328,0.18259385,0.0,0.0,0.0,0.22696246,0.9897611,0.29351535,0.7337884,0.0,0.11945392,0.1331058,0.22354949,0.3651877,0.22866894,1.4834236,-0.24233586,-0.54199785,0.2890835,0.3937159,0.36992866,-0.6821878,0.24921425
680977083,0.30375427,0.42662117,0.2320819,0.22525597,0.28327644,0.20136519,0.07167236,0.9556314,0.0,0.90614337,0.85153586,0.86177474,0.24914676,0.91638225,-1.3518271,-0.9059203,0.19587669,0.8653067,-0.5363275,-0.46562988,1.8010098,-0.9332446
691790571,0.0,0.0,0.0,0.0,0.5460751,0.52901024,0.0,0.0,0.0,0.88395905,0.90614337,0.90614337,0.83617747,0.90102386,-1.1069132,-0.30224255,-0.36309254,0.9846646,0.49303195,0.5745553,0.44072622,-0.47454277
690526628,0.93174064,0.48634812,0.30375427,0.26279864,0.85324234,0.09556314,0.6279864,0.3993174,0.9146758,0.15358362,0.6996587,0.06825939,0.49658704,0.35836178,-1.4328551,-0.5173674,-0.003730201,0.959472,0.5752573,0.45518973,0.41316998,2.281998
693162965,0.100682594,0.43686005,0.2320819,0.221843,0.64846414,0.18771331,0.9283276,0.09897611,0.0,0.054607507,0.023890786,0.046075087,0.18600683,0.07167236,-1.3447859,-0.9007008,-0.026986737,1.0951283,-0.04457416,-0.022272281,1.4760938,-0.3711355
691634118,0.6518771,0.34129694,0.31911263,0.35836178,0.010238908,0.42662117,0.7713311,0.25938568,0.0,0.93174064,1.0,0.86177474,1.0,1.0,-1.1522437,-0.57816225,0.6638398,0.107560284,-1.5908222,-1.5740238,1.1631136,-0.98184735
694680427,0.13139932,0.6023891,0.30375427,0.2440273,0.6757679,0.23890784,0.13481228,0.8959044,0.0,0.7679181,0.7457338,0.36177474,0.5699659,0.7764505,-0.060115896,-1.5637702,0.08894667,0.5832392,0.8223295,0.8814951,-0.25604874,0.16106008
693769164,0.44197953,0.5068259,0.0,0.0,0.07337884,0.0784983,0.69283277,0.334471,0.0,0.88395905,0.7457338,0.82935154,0.7320819,0.8549488,0.5136336,-2.0656292,0.53703207,-0.18223806,-0.09728605,-0.07342893,0.003860715,-0.36263722
700111475,0.60580206,0.3139932,0.29180887,0.34414107,0.8191126,0.5904437,0.5665529,0.46075085,0.0,0.7133106,0.5665529,0.5546075,0.65358365,0.7013652,0.15061086,0.9886069,-0.7355102,-0.03301634,0.9155821,0.89854735,-0.9872276,0.72105736
700731223,0.8020478,0.48634812,0.40443686,0.43003413,0.9675768,0.092150174,0.51877135,0.5085324,0.0,0.29863483,0.22696246,0.86177474,0.6877133,0.027303753,-1.2789279,-0.5352198,-0.17965077,0.8160857,0.22659028,0.26761538,0.64585805,-0.33507836
703220347,0.105802044,0.28327644,0.26791808,0.29863483,0.12457338,0.5802048,0.3003413,0.72696245,0.0,0.5546075,0.0784983,0.13139932,0.1569966,0.52901024,0.13772634,-1.7710975,0.20424269,0.4467707,0.450356,0.5063464,0.005499293,-0.17998917
706932858,0.20819113,0.0,0.0,0.0,0.9522184,0.8122867,0.5324232,0.49488056,0.0,0.1331058,0.14163822,0.2576792,0.44880545,0.022184301,-0.16644183,0.7032183,-0.59889495,0.1297716,1.6596476,1.5635837,-1.2807205,3.0790856
712577460,0.054607507,0.556314,0.28327644,0.2440273,0.05972696,0.890785,0.5580205,0.47269624,0.0,0.43515357,0.8020478,0.6757679,0.5699659,0.6177474,-1.2058316,-0.5060753,-0.10440493,0.90866566,-0.6189027,-0.550891,1.5546803,-0.9217261
693733379,0.80546075,0.8481229,0.83959043,0.6825939,0.8566553,0.75767916,0.17918089,0.8481229,0.0,0.087030716,0.029010238,0.046075087,0.044368602,0.030716723,-0.37867785,0.65971637,-0.8045607,0.15871635,1.515576,1.5124271,-1.0042071,1.4210591
705559224,0.19112629,0.70989764,0.552901,0.4573379,0.43856657,0.87713313,0.28668943,0.74061435,0.0,0.102389075,0.6433447,0.278157,0.80375427,0.7764505,1.3339962,-0.91704696,-0.9362647,0.17210245,0.0049229963,0.028884364,-0.1066063,-0.41857192
719283129,0.5904437,0.5767918,0.5392491,0.6023891,0.75767916,0.19453925,0.7133106,0.3139932,0.0,0.26962456,0.03924915,0.05972696,0.47269624,0.17576791,-1.3941069,-0.5093201,0.30627802,-0.9978853,0.62473273,0.6598163,0.048893813,-0.023010595
720270079,0.085324235,0.36348122,0.2320819,0.23037542,0.221843,0.6757679,0.5580205,0.47269624,0.0,0.43515357,0.06313993,0.6757679,0.83617747,0.6177474,0.22944239,-1.1308221,-0.25204659,0.4098147,0.96492815,1.0179129,-0.49073043,0.3561185
713200898,0.26962456,0.4129693,0.26791808,0.25255972,0.943686,0.53583616,0.82935154,0.20136519,0.0,0.6552901,0.78156996,0.8174061,0.65358365,0.5716724,0.08181244,-0.6028254,-0.2552552,0.054757215,1.6644434,1.6829493,-1.134209,1.7072549
715795850,0.044368602,0.0,0.0,0.0,0.09556314,0.26962456,0.9590444,0.0665529,0.0,0.9197952,1.0,1.0,0.8668942,0.88566554,0.111541905,-1.7826154,0.1841467,0.47386834,0.46583545,0.52339864,0.029537624,-0.18373582
730631027,0.0,0.0,0.0,0.0,0.14163822,0.39249146,0.0,0.0,0.0,0.7372014,0.85153586,0.6365188,0.54266214,0.6672355,1.8611584,-1.9370483,-0.18550298,-0.099696554,-0.853667,-0.8407786,1.8468302,-0.9512059
740597264,0.13993174,0.25255972,0.34812286,0.6177474,0.16211604,0.8430034,0.98634815,0.040955633,0.0,0.22354949,0.40784982,0.13139932,0.71672356,0.17576791,0.52035725,1.1962183,-0.750463,-0.19213769,-1.6688294,-1.659285,1.3948406,-0.9931307
740718292,0.45051193,0.62286687,0.72525597,0.8259386,0.5307167,0.7986348,0.19112629,0.83617747,0.0,0.2440273,0.28498295,0.278157,0.3890785,0.11262798,1.2798944,-0.7483275,-1.137063,0.29034644,0.15950435,0.1823543,-0.20523277,-0.29906115
